"","x"
"1","Coelioxys hirsutissimus"
"2","Perdita aureovittata"
"3","Perdita crotonis"
"4","Perdita aemula"
"5","Perdita interrupta"
"6","Perdita scitula"
"7","Lasioglossum semicaeruleum"
"8","Melissodes tepidus"
"9","Perdita salicis"
"10","Perdita genalis"
"11","Perdita heliotropii"
"12","Coelioxys novomexicanus"
"13","Andrena pertristis"
"14","Perdita vittata"
"15","Perdita xerophila"
"16","Perdita zonalis"
"17","Stelis monticola"
"18","Lasioglossum allonotus"
"19","Pseudomacrotera turgiceps"
"20","Perdita polytropica"
"21","Stelis interrupta"
"22","Calliopsis scitula"
"23","Osmia austromaritima"
"24","Biastes mojavensis"
"25","Perdita numerata"
"26","Xenoglossodes pomonae"
"27","Perdita albihirta"
"28","Megachile davidsoni"
"29","Dieunomia nevadensis"
"30","Calliopsis hesperia"
"31","Megachile subexilis"
"32","Coelioxys serricaudatus"
"33","Biastes fulviventris"
"34","Perdita hirticeps"
"35","Perdita lepidosparti"
"36","Eucera californica"
"37","Megachile sublaurita"
"38","Xenoglossodes vandykei"
"39","Perdita claypolei"
"40","Andrena ceanothifloris"
"41","Protandrena pauper"
"42","Coelioxys moestus"
"43","Biastes timberlakei"
"44","Lithurgopsis listrota"
"45","Melecta separata"
"46","Osmia dakotensis"
"47","Perdita eucnides"
"48","Perdita tortifoliae"
"49","Perdita clypeata"
"50","Perdita nasuta"
"51","Perdita varleyi"
"52","Perdita oregonensis"
"53","Perdita nevadensis"
"54","Perdita micheneri"
"55","Protandrena verticalis"
"56","Perdita californica"
"57","Nomada rhodosoma"
"58","Perdita layiae"
"59","Biastes sierrae"
"60","Coelioxys modestus"
"61","Protandrena californica"
"62","Xenoglossodes davidsoni"
"63","Lasioglossum laevissimum"
"64","Xenoglossodes eriocarpi"
"65","Coelioxys immaculatus"
"66","Lasioglossum eophilus"
"67","Lasioglossum pullilabris"
"68","Anthophora edwardsii"
"69","Xenoglossa strenua"
"70","Bombus appositus"
"71","Andrena boronensis"
"72","Andrena rozeni"
"73","Hoplitis bidenticauda"
"74","Coelioxys gilensis"
"75","Megachile rotundata"
"76","Habropoda miserabilis"
"77","Andrena decolorata"
"78","Andrena vespertina"
"79","Calliopsis anthidius"
"80","Martinapis occidentalis"
"81","Peponapis timberlakei"
"82","Melissodes lupinus"
"83","Eucera actuosa"
"84","Anthophora urbana"
"85","Protodufourea koso"
"86","Protodufourea zavortinki"
"87","Lasioglossum imitatum"
"88","Sphecodes prosphorus"
"89","Melissodes communis"
"90","Bombus bifarius"
"91","Bombus crotchii"
"92","Bombus morrisoni"
"93","Bombus mixtus"
"94","Diadasia nigrifrons"
"95","Diadasia bituberculata"
"96","Eucera edwardsii"
"97","Brachymelecta californica"
"98","Melecta edwardsii"
"99","Diadasia australis"
"100","Diadasia diminuta"
"101","Coelioxys echinatus"
"102","Svastra texana"
"103","Melissodes agilis"
"104","Anthophora pacifica"
"105","Melissodes nigracauda"
"106","Halictus confusus"
"107","Hoplitis deserticola"
"108","Melissodes confusus"
"109","Brachynomada annectens"
"110","Hoplitis nanula"
"111","Anthophora neglecta"
"112","Perdita trisignata"
"113","Hoplitis caudex"
"114","Andrena furva"
"115","Xenoglossa angustior"
"116","Andrena coracina"
"117","Anthophora columbariae"
"118","Stelis occidentalis"
"119","Anthophora affabilis"
"120","Nomada formula"
"121","Nomada mckenziei"
"122","Calliopsis helianthi"
"123","Hoplitis pygmaea"
"124","Coelioxys texanus"
"125","Andrena penemisella"
"126","Perdita luciae"
"127","Hoplitis boharti"
"128","Hoplitis truicauda"
"129","Perdita bequaerti"
"130","Andrena hamulata"
"131","Andrena sublayiae"
"132","Dufourea californica"
"133","Andrena raveni"
"134","Hoplitis seminigra"
"135","Sphecodes davisii"
"136","Melecta pacifica"
"137","Hoplitis cryptanthae"
"138","Eucera stretchii"
"139","Micralictoides chaenactidis"
"140","Hylaeus leptocephalus"
"141","Hoplitis hamulicornis"
"142","Hexepeolus rhodogyne"
"143","Ceratina pacifica"
"144","Ericrocis lata"
"145","Triepeolus subnitens"
"146","Leiopodus singularis"
"147","Anthophora crotchii"
"148","Habropoda morrisoni"
"149","Andrena davidsoni"
"150","Andrena cleodora"
"151","Andrena berkeleyi"
"152","Andrena mojavensis"
"153","Calliopsis philiphunteri"
"154","Coelioxys mitchelli"
"155","Micralictoides grossus"
"156","Dianthidium marshi"
"157","Eucera frater"
"158","Eucera fulvitarsis"
"159","Hesperapis leucura"
"160","Hoplitis basingeri"
"161","Hoplitis reducta"
"162","Hylaeus maritimus"
"163","Hylaeus mesillae"
"164","Hylaeus rudbeckiae"
"165","Hylaeus asininus"
"166","Lasioglossum mesillense"
"167","Lasioglossum lampronotum"
"168","Osmia crassa"
"169","Osmia iridis"
"170","Perdita ashmeadi"
"171","Perdita punctosignata"
"172","Perdita dubia"
"173","Protodufourea eickworti"
"174","Stelis anthocopae"
"175","Svastra sabinensis"
"176","Nomada longicornis"
"177","Nomada micheneri"
"178","Andrena leucomystax"
"179","Andrena eremophila"
"180","Lasioglossum knereri"
"181","Centris adani"
"182","Bombus medius"
"183","Epeolus asperatus"
"184","Osmia neocyanopoda"
"185","Holcopasites bohartorum"
"186","Micralictoides quadriceps"
"187","Megachile cleomis"
"188","Xeralictus bicuspidariae"
"189","Anthidium manicatum"
"190","Andrena chylismiae"
"191","Lasioglossum ebmerellum"
"192","Andrena perezana"
"193","Megachile pseudobrevis"
"194","Andrena venata"
"195","Osmia alpestris"
"196","Anthophora squammulosa"
"197","Lasioglossum cactorum"
"198","Lasioglossum cembrilacus"
"199","Triepeolus matildae"
"200","Lasioglossum rufornatum"
"201","Andrena dissona"
"202","Micralictoides dinoceps"
"203","Micralictoides linsleyi"
"204","Dufourea harveyi"
"205","Townsendiella ensifera"
"206","Perdita titania"
"207","Stelis imperialis"
"208","Stelis joanae"
"209","Stelis paiute"
"210","Peponapis smithi"
"211","Eucera speciosa"
"212","Andrena flocculosa"
"213","Andrena camissoniae"
"214","Melissodes apicatus"
"215","Melissodes persimilis"
"216","Lasioglossum macroprosopum"
"217","Lasioglossum ellisiae"
"218","Andrena compositarum"
"219","Andrena papagorum"
"220","Andrena stagei"
"221","Protandrena fasciata"
"222","Melissodes montanus"
"223","Anthophora bomboides"
"224","Anthophora centriformis"
"225","Anthophora hololeuca"
"226","Centris hoffmanseggiae"
"227","Centris rhodopus"
"228","Anthophora curta"
"229","Osmia coloradensis"
"230","Osmia texana"
"231","Osmia marginata"
"232","Megachile sidalceae"
"233","Megachile frugalis"
"234","Anthidium maculosum"
"235","Stelis perpulchra"
"236","Dianthidium parvum"
"237","Apis mellifera"
"238","Lasioglossum tegulariforme"
"239","Andrena amphibola"
"240","Hoplitis howardi"
"241","Megachile montivaga"
"242","Megachile angelarum"
"243","Anthidiellum robertsoni"
"244","Anthidium placitum"
"245","Protosmia rubifloris"
"246","Ashmeadiella bucconis"
"247","Megachile concinna"
"248","Lithurgopsis apicalis"
"249","Andrena linsleyi"
"250","Hoplitis biscutellae"
"251","Chelostoma californicum"
"252","Anthidium collectum"
"253","Megachile coquilletti"
"254","Dianthidium dubium"
"255","Megandrena enceliae"
"256","Megachile fidelis"
"257","Anthidium formosum"
"258","Megachile gentilis"
"259","Anthidium illustre"
"260","Hoplitis jacintana"
"261","Megachile lippiae"
"262","Hoplitis producta"
"263","Dioxys productus"
"264","Megachile spinotulata"
"265","Anthidium utahense"
"266","Hoplitis uvulalis"
"267","Calliopsis edwardsii"
"268","Trachusa larreae"
"269","Andrena prunorum"
"270","Dianthidium ulkei"
"271","Stelis laticincta"
"272","Anthidium mormonum"
"273","Heriades occidentalis"
"274","Dianthidium pudicum"
"275","Ashmeadiella cactorum"
"276","Perdita minima"
"277","Andrena isocomae"
"278","Megachile parallela"
"279","Ashmeadiella sonora"
"280","Anthidium paroselae"
"281","Ashmeadiella rhodognatha"
"282","Heriades cressoni"
"283","Megachile discorhina"
"284","Anthidium palmarum"
"285","Megachile perihirta"
"286","Anthidium dammersi"
"287","Megachile brevis"
"288","Hoplitis sambuci"
"289","Anthidium banningense"
"290","Anthidium cockerelli"
"291","Hoplitis albifrons"
"292","Megachile browni"
"293","Anthidium clypeodentatum"
"294","Anthidium edwardsii"
"295","Anthidiellum ehrhorni"
"296","Hoplitis hypocrita"
"297","Calliopsis obscurella"
"298","Megachile odontostoma"
"299","Calliopsis puellae"
"300","Calliopsis rhodophila"
"301","Anthidium tenuiflorae"
"302","Trachusa timberlakei"
"303","Stelis trichopyga"
"304","Ashmeadiella xenomastax"
"305","Anthidium jocosum"
"306","Anthidium atripes"
"307","Megachile toscata"
"308","Osmia californica"
"309","Ashmeadiella cubiceps"
"310","Megachile nevadensis"
"311","Bombus vosnesenskii"
"312","Halictus ligatus"
"313","Agapostemon texanus"
"314","Agapostemon femoratus"
"315","Andrena agoseridis"
"316","Andrena annectens"
"317","Andrena arctostaphylae"
"318","Andrena biareola"
"319","Andrena bocensis"
"320","Andrena buccata"
"321","Andrena bucculenta"
"322","Andrena omninigra"
"323","Andrena congrua"
"324","Andrena oenotherae"
"325","Andrena eothina"
"326","Andrena hermosa"
"327","Andrena hurdi"
"328","Andrena ishii"
"329","Andrena luteihirta"
"330","Andrena malacothricidis"
"331","Andrena prolixa"
"332","Andrena quadrilimbata"
"333","Andrena ribblei"
"334","Andrena santaclarae"
"335","Andrena stipator"
"336","Andrena viridissima"
"337","Calliopsis micheneri"
"338","Perdita digressa"
"339","Perdita chionostoma"
"340","Perdita assimilis"
"341","Perdita exigua"
"342","Perdita falcata"
"343","Perdita glabrescens"
"344","Perdita leucophylli"
"345","Perdita navarretiae"
"346","Perdita nitens"
"347","Perdita plucheae"
"348","Perdita pusilla"
"349","Perdita scutellaris"
"350","Perdita socia"
"351","Melissodes bimatris"
"352","Melissodes brevipyga"
"353","Melissodes clarkiae"
"354","Melissodes hurdi"
"355","Svastra pallidior"
"356","Xylocopa californica"
"357","Ancylandrena atoposoma"
"358","Ancylandrena larreae"
"359","Ancylandrena timberlakei"
"360","Andrena anatolis"
"361","Andrena angustella"
"362","Andrena angusticrus"
"363","Andrena angustitarsata"
"364","Augochlorella aurata"
"365","Augochlorella pomoniella"
"366","Agapostemon melliventris"
"367","Augochloropsis sumptuosa"
"368","Agapostemon angelicus"
"369","Lasioglossum olympiae"
"370","Halictus tripartitus"
"371","Ceratina sequoiae"
"372","Melissodes stearnsi"
"373","Ceratina nanula"
"374","Osmia nemoris"
"375","Andrena piperi"
"376","Xylocopa sonorina"
"377","Bombus melanopygus"
"378","Diadasia enavata"
"379","Lasioglossum incompletum"
"380","Macrotera nigrella"
"381","Calliopsis boharti"
"382","Conanthalictus wilmattae"
"383","Andrena chlorosoma"
"384","Andrena osmioides"
"385","Calliopsis cinctus"
"386","Triepeolus argentimus"
"387","Lasioglossum sisymbrii"
"388","Halictus rubicundus"
"389","Lasioglossum titusi"
"390","Lasioglossum microlepoides"
"391","Nomia melanderi"
"392","Micralictoides altadenae"
"393","Dufourea scintilla"
"394","Halictus farinosus"
"395","Dufourea boregoensis"
"396","Dufourea malacothricis"
"397","Protohalonia venusta"
"398","Lasioglossum cyaneonotus"
"399","Dufourea spilura"
"400","Lasioglossum pacificum"
"401","Lasioglossum pavonotum"
"402","Dufourea virgata"
"403","Dufourea mulleri"
"404","Sphecodes arvensiformis"
"405","Dufourea sandhouseae"
"406","Lasioglossum californicum"
"407","Dufourea trochantera"
"408","Dufourea scabricornis"
"409","Dufourea subdavidsoni"
"410","Lasioglossum sedi"
"411","Lasioglossum nevadense"
"412","Lasioglossum mellipes"
"413","Lasioglossum diversopunctatum"
"414","Dufourea bernardina"
"415","Lasioglossum egregium"
"416","Micralictoides ruficaudus"
"417","Lasioglossum longicorne"
"418","Lasioglossum anhypops"
"419","Lasioglossum pulveris"
"420","Lasioglossum kunzei"
"421","Lasioglossum channelense"
"422","Dufourea nudicornis"
"423","Lasioglossum punctatoventre"
"424","Conanthalictus mentzeliae"
"425","Dufourea tarsata"
"426","Conanthalictus macrops"
"427","Nomia howardi"
"428","Conanthalictus namatophilus"
"429","Lasioglossum hyalinum"
"430","Dufourea rhamni"
"431","Lasioglossum brunneiventre"
"432","Dufourea echinocacti"
"433","Lasioglossum brazieri"
"434","Lasioglossum clematisellum"
"435","Xeralictus timberlakei"
"436","Dufourea nemophilae"
"437","Lasioglossum actinosum"
"438","Lasioglossum impavidum"
"439","Dufourea fimbriata"
"440","Lasioglossum megastictus"
"441","Lasioglossum cyanurum"
"442","Conanthalictus nigricans"
"443","Dufourea holocyanea"
"444","Conanthalictus bakeri"
"445","Lasioglossum petrellum"
"446","Conanthalictus cockerelli"
"447","Lasioglossum trizonatum"
"448","Dufourea calientensis"
"449","Dufourea tularensis"
"450","Dufourea spinifera"
"451","Dufourea saundersi"
"452","Dufourea pectinipes"
"453","Andrena subapasta"
"454","Perdita amplipennis"
"455","Ancylandrena koebelei"
"456","Lasioglossum clarigaster"
"457","Dufourea vernalis"
"458","Dieunomia heteropoda"
"459","Conanthalictus minor"
"460","Nomia tetrazonata"
"461","Lasioglossum marinense"
"462","Dufourea vandykei"
"463","Conanthalictus caerulescens"
"464","Lasioglossum aberrans"
"465","Dufourea brevicornis"
"466","Lasioglossum amicum"
"467","Lasioglossum albohirtum"
"468","Conanthalictus seminiger"
"469","Lasioglossum grinnelli"
"470","Lasioglossum californiae"
"471","Dufourea latifrons"
"472","Dufourea femorata"
"473","Lasioglossum proximatum"
"474","Sphecodes sophiae"
"475","Osmia subaustralis"
"476","Osmia subfasciata"
"477","Osmia pikei"
"478","Osmia sedula"
"479","Osmia simillima"
"480","Osmia tristella"
"481","Coelioxys deani"
"482","Coelioxys erysimi"
"483","Coelioxys rufitarsis"
"484","Coelioxys grindeliae"
"485","Melissodes appressus"
"486","Melissodes bicoloratus"
"487","Melissodes glenwoodensis"
"488","Melissodes hymenoxidis"
"489","Melissodes lustrus"
"490","Hylaeus modestus"
"491","Nomada edwardsii"
"492","Andrena monoensis"
"493","Peponapis pruinosa"
"494","Andrena cuneilabris"
"495","Andrena chlorogaster"
"496","Bombus occidentalis"
"497","Bombus caliginosus"
"498","Bombus californicus"
"499","Bombus pensylvanicus"
"500","Bombus vandykei"
"501","Bombus sylvicola"
"502","Bombus insularis"
"503","Bombus centralis"
"504","Bombus nevadensis"
"505","Bombus fervidus"
"506","Bombus huntii"
"507","Bombus flavidus"
"508","Bombus balteatus"
"509","Bombus griseocollis"
"510","Bombus suckleyi"
"511","Bombus ternarius"
"512","Perdita wasbaueri"
"513","Osmia glauca"
"514","Anthophora californica"
"515","Bombus sonorus"
"516","Xylocopa tabaniformis"
"517","Andrena candida"
"518","Habropoda tristissima"
"519","Habropoda depressa"
"520","Hesperapis regularis"
"521","Colletes hyalinus"
"522","Osmia laeta"
"523","Lasioglossum kincaidii"
"524","Lasioglossum ovaliceps"
"525","Lasioglossum tegulare"
"526","Ceratina acantha"
"527","Ceratina punctigena"
"528","Andrena principalis"
"529","Diadasia rinconis"
"530","Colletes slevini"
"531","Osmia atrocyanea"
"532","Ceratina arizonensis"
"533","Hylaeus polifolii"
"534","Osmia brevis"
"535","Megachile anograe"
"536","Osmia montana"
"537","Diadasia laticauda"
"538","Anthophora flavocincta"
"539","Chelostoma phaceliae"
"540","Trachusa perdita"
"541","Megachile onobrychidis"
"542","Hylaeus punctatus"
"543","Andrena vandykei"
"544","Andrena duboisi"
"545","Andrena baeriae"
"546","Andrena cercocarpi"
"547","Andrena submoesta"
"548","Diadasia ochracea"
"549","Diadasia nitidifrons"
"550","Osmia clarescens"
"551","Andrena sola"
"552","Anthidium palliventre"
"553","Panurginus melanocephalus"
"554","Osmia gabrielis"
"555","Eucera lunata"
"556","Ashmeadiella gillettei"
"557","Ashmeadiella opuntiae"
"558","Ashmeadiella chumashae"
"559","Ashmeadiella aridula"
"560","Osmia calla"
"561","Lasioglossum pavoninum"
"562","Diadasia consociata"
"563","Andrena gnaphalii"
"564","Megachile wheeleri"
"565","Diadasia sphaeralcearum"
"566","Andrena caspica"
"567","Calliopsis subalpina"
"568","Panurginus bilobatus"
"569","Dufourea dentipes"
"570","Dufourea tuolumne"
"571","Colletes fulgidus"
"572","Macrotera arcuata"
"573","Andrena nivalis"
"574","Calliopsis scutellaris"
"575","Chelostoma minutum"
"576","Trachusa bequaerti"
"577","Centris tiburonensis"
"578","Andrena chlorura"
"579","Perdita montereyensis"
"580","Andrena chapmanae"
"581","Andrena vulpicolor"
"582","Melissodes robustior"
"583","Ashmeadiella bigeloviae"
"584","Perdita ciliata"
"585","Andrena concinnula"
"586","Ashmeadiella rufipes"
"587","Andrena nevadensis"
"588","Osmia nigrobarbata"
"589","Perdita triangulifera"
"590","Perdita exilis"
"591","Andrena cerasifolii"
"592","Lasioglossum perichlarus"
"593","Perdita rhois"
"594","Perdita lateralis"
"595","Perdita dammersi"
"596","Anthophorula euphorbiae"
"597","Andrena caerulea"
"598","Hesperapis pellucida"
"599","Melissodes tristis"
"600","Hesperapis ilicifoliae"
"601","Perdita isocomae"
"602","Hesperapis larreae"
"603","Andrena atypica"
"604","Perdita callicerata"
"605","Hoplitis linsdalei"
"606","Andrena striatifrons"
"607","Perdita jucunda"
"608","Anthophora phaceliae"
"609","Osmia granulosa"
"610","Andrena miserabilis"
"611","Perdita thelypodii"
"612","Panurginus occidentalis"
"613","Anthophorula albicans"
"614","Perdita cowaniae"
"615","Perdita flavipes"
"616","Calliopsis pugionis"
"617","Ashmeadiella californica"
"618","Andrena subaustralis"
"619","Perdita chrysothamni"
"620","Calliopsis phaceliae"
"621","Perdita leucostoma"
"622","Osmia albolateralis"
"623","Perdita bilobata"
"624","Epeolus mesillae"
"625","Panurginus gracilis"
"626","Townsendiella rufiventris"
"627","Melissodes lutulentus"
"628","Lasioglossum nigrescens"
"629","Osmia cyanopoda"
"630","Osmia ribifloris"
"631","Perdita cleomellae"
"632","Megachile pugnata"
"633","Perdita covilleae"
"634","Bombus vagans"
"635","Melissodes microstictus"
"636","Osmia integra"
"637","Calliopsis fracta"
"638","Chelostoma bernardinum"
"639","Melissodes tessellatus"
"640","Hesperapis rufipes"
"641","Osmia liogastra"
"642","Atoposmia oregona"
"643","Osmia regulina"
"644","Ashmeadiella prosopidis"
"645","Calliopsis larreae"
"646","Hoplitis fulgida"
"647","Ashmeadiella difugita"
"648","Megachile xerophila"
"649","Perdita innotata"
"650","Perdita punctulata"
"651","Perdita inornata"
"652","Ashmeadiella salviae"
"653","Perdita cladothricis"
"654","Anthophorula albata"
"655","Diadasia lutzi"
"656","Calliopsis bernardinensis"
"657","Perdita trimaculata"
"658","Osmia rostrata"
"659","Calliopsis trifolii"
"660","Ashmeadiella foveata"
"661","Melissodes ablusus"
"662","Perdita scotti"
"663","Osmia nifoata"
"664","Osmia calcarata"
"665","Hoplitis pilosifrons"
"666","Perdita gracilis"
"667","Brachymelecta larreae"
"668","Andrena candidiformis"
"669","Coelioxys apacheorum"
"670","Calliopsis linsleyi"
"671","Melissodes paululus"
"672","Perdita obliqua"
"673","Melissodes plumosus"
"674","Perdita dentata"
"675","Osmia gaudiosa"
"676","Perdita timberlakei"
"677","Osmia cyanella"
"678","Perdita media"
"679","Stelis calliphorina"
"680","Nomada suavis"
"681","Perdita atrata"
"682","Andrena subtilis"
"683","Perdita ericameriae"
"684","Ashmeadiella femorata"
"685","Andrena vicinoides"
"686","Anthophorula nitens"
"687","Andrena microchlora"
"688","Ashmeadiella cazieri"
"689","Anthophora salazariae"
"690","Perdita yosemitensis"
"691","Perdita euphorbiae"
"692","Melissodes dagosus"
"693","Andrena bernardina"
"694","Andrena salicifloris"
"695","Andrena blaisdelli"
"696","Atoposmia viguierae"
"697","Melissodes personatellus"
"698","Hoplitis semirubra"
"699","Andrena impolita"
"700","Melissodes pallidisignatus"
"701","Dioxys pomonae"
"702","Svastra obliqua"
"703","Osmia longula"
"704","Dufourea linanthi"
"705","Anthophorula torticornis"
"706","Calliopsis comptula"
"707","Ashmeadiella cockerelli"
"708","Perdita eriastri"
"709","Hoplitis bullifacies"
"710","Xenoglossa mustelina"
"711","Dianthidium singulare"
"712","Anthophora linsleyi"
"713","Neolarra vandykei"
"714","Dufourea versatilis"
"715","Hesperapis laticeps"
"716","Habropoda pallida"
"717","Andrena quintiliformis"
"718","Melissodes menuachus"
"719","Osmia nigrifrons"
"720","Andrena semipunctata"
"721","Andrena transnigra"
"722","Perdita eximia"
"723","Osmia giliarum"
"724","Osmia lignaria"
"725","Perdita interserta"
"726","Perdita exclamans"
"727","Melissodes moorei"
"728","Perdita mohavensis"
"729","Osmia pusilla"
"730","Osmia hesperos"
"731","Osmia cara"
"732","Neolarra californica"
"733","Andrena plana"
"734","Perdita arenaria"
"735","Andrena escondida"
"736","Megachile gravita"
"737","Andrena perarmata"
"738","Megachile melanophaea"
"739","Melecta bohartorum"
"740","Perdita utahensis"
"741","Perdita melanochlora"
"742","Protohalonia carinata"
"743","Megachile relativa"
"744","Melissodes velutinus"
"745","Calliopsis zonalis"
"746","Lasioglossum argemonis"
"747","Ashmeadiella erema"
"748","Melissodes vernalis"
"749","Dianthidium plenum"
"750","Atoposmia hemizoniae"
"751","Perdita polycarpae"
"752","Andrena chalybioides"
"753","Megachile fucata"
"754","Melissodes semilupinus"
"755","Coelioxys edita"
"756","Stelis lateralis"
"757","Andrena trimmerana"
"758","Atoposmia robustula"
"759","Andrena gibberis"
"760","Oreopasites vanduzeei"
"761","Atoposmia panamintensis"
"762","Perdita thermophila"
"763","Coelioxys gonaspis"
"764","Osmia grinnelli"
"765","Dufourea afasciata"
"766","Andrena lomatii"
"767","Diadasia martialis"
"768","Panurginus nigrellus"
"769","Andrena perimelas"
"770","Perdita rivalis"
"771","Perdita proxima"
"772","Perdita distropica"
"773","Neolarra batrae"
"774","Panurginus armaticeps"
"775","Anthophorula chionura"
"776","Andrena mohavensis"
"777","Osmia pentstemonis"
"778","Ashmeadiella foxiella"
"779","Nomada crotchii"
"780","Megachile maurata"
"781","Osmia malina"
"782","Stelis ashmeadiellae"
"783","Andrena crataegi"
"784","Anthophora podagra"
"785","Sphecodes pecosensis"
"786","Perdita flaviceps"
"787","Andrena aurihirta"
"788","Perdita stephanomeriae"
"789","Perdita colei"
"790","Nomada pascoensis"
"791","Townsendiella pulchra"
"792","Hoplitis tristis"
"793","Perdita robustula"
"794","Ashmeadiella breviceps"
"795","Epeolus americanus"
"796","Andrena nigroclypeata"
"797","Stelis hemirhoda"
"798","Anthophora dammersi"
"799","Perdita pelargoides"
"800","Atoposmia rupestris"
"801","Osmia giffardi"
"802","Andrena barbilabris"
"803","Coelioxys sodalis"
"804","Anthophorula palmarum"
"805","Melissodes subagilis"
"806","Andrena thaspii"
"807","Melissodes minusculus"
"808","Hoplitis louisae"
"809","Hoplitis mojavensis"
"810","Hoplitis xerophila"
"811","Ashmeadiella digiticauda"
"812","Perdita leucosticta"
"813","Ashmeadiella clypeodentata"
"814","Perdita viridicollis"
"815","Ashmeadiella inyoensis"
"816","Osmia melanopleura"
"817","Perdita swezeyi"
"818","Perdita gutierreziae"
"819","Anthophorula rufiventris"
"820","Dufourea calochorti"
"821","Andrena sigmundi"
"822","Anthophora ursina"
"823","Zacosmia maculata"
"824","Dufourea viridis"
"825","Perdita abdominalis"
"826","Melissodes melanurus"
"827","Andrena cressonii"
"828","Perdita heterothecae"
"829","Anthidium emarginatum"
"830","Melissodes ochraea"
"831","Hoplitis paroselae"
"832","Ashmeadiella australis"
"833","Nomada erythraea"
"834","Ashmeadiella rufitarsis"
"835","Andrena vanduzeei"
"836","Anthophora parkeri"
"837","Panurginus nigrihirtus"
"838","Perdita difficilis"
"839","Perdita bohartorum"
"840","Andrena levipes"
"841","Hoplitis laevibullata"
"842","Andrena merriami"
"843","Dufourea cuprea"
"844","Heriades gracilior"
"845","Perdita albovittata"
"846","Atoposmia elongata"
"847","Andrena nigrocaerulea"
"848","Andrena saccata"
"849","Melissodes verbesinarum"
"850","Eucera acerba"
"851","Anthophora pachyodonta"
"852","Melissodes monoensis"
"853","Melissodes grindeliae"
"854","Anthophora coptognatha"
"855","Anthophora erythrothorax"
"856","Megachile snowi"
"857","Perdita flavicauda"
"858","Megachile subnigra"
"859","Panurginus atriceps"
"860","Andrena obscuripostica"
"861","Osmia nanula"
"862","Anthophorula compactula"
"863","Anthophora fulvicauda"
"864","Perdita albonotata"
"865","Osmia densa"
"866","Megachile pascoensis"
"867","Ashmeadiella altadenae"
"868","Andrena misella"
"869","Atoposmia nitidivitta"
"870","Eucera phaceliae"
"871","Coelioxys banksi"
"872","Sphecodosoma dicksoni"
"873","Osmia kincaidii"
"874","Perdita sonorensis"
"875","Calliopsis deserticola"
"876","Eucera primiveris"
"877","Megachile frigida"
"878","Hylaeus timberlakei"
"879","Townsendiella californica"
"880","Andrena layiae"
"881","Calliopsis foleyi"
"882","Perdita koebelei"
"883","Osmia sanctaerosae"
"884","Eucera arizonica"
"885","Perdita bridwelli"
"886","Osmia obliqua"
"887","Hoplitis remotula"
"888","Dufourea leachi"
"889","Hesperapis arida"
"890","Dufourea davidsoni"
"891","Stelis semirubra"
"892","Panurginus ceanothi"
"893","Lasioglossum cooleyi"
"894","Osmia morongana"
"895","Perdita fieldi"
"896","Dufourea gilia"
"897","Melitta californica"
"898","Andrena pulverea"
"899","Dufourea vanduzeei"
"900","Perdita malacothricis"
"901","Anthophora signata"
"902","Macrotera tristella"
"903","Anthophora phenax"
"904","Osmia phenax"
"905","Nomada grayi"
"906","Osmia potentillae"
"907","Hesperapis fulvipes"
"908","Ashmeadiella eurynorhyncha"
"909","Perdita cephalotes"
"910","Stelis carnifex"
"911","Diadasia angusticeps"
"912","Colletes paniscus"
"913","Colletes ochraceus"
"914","Colletes salicicola"
"915","Colletes angelicus"
"916","Colletes clypeonitens"
"917","Colletes consors"
"918","Colletes covilleae"
"919","Colletes intermixtus"
"920","Colletes deserticola"
"921","Colletes gypsicolens"
"922","Colletes larreae"
"923","Colletes lutzi"
"924","Colletes louisae"
"925","Colletes kincaidii"
"926","Colletes californicus"
"927","Colletes tectiventris"
"928","Colletes stepheni"
"929","Colletes turgiventris"
"930","Colletes sphaeralceae"
"931","Colletes xerophilus"
"932","Hylaeus wootoni"
"933","Hylaeus coloradensis"
"934","Hylaeus calvus"
"935","Andrena schuhi"
"936","Andrena coactipostica"
"937","Andrena plumiscopa"
"938","Andrena rufosignata"
"939","Andrena nemophilae"
"940","Andrena palpalis"
"941","Andrena buckelli"
"942","Andrena edwardsi"
"943","Andrena frigida"
"944","Andrena hemileuca"
"945","Andrena macoupinensis"
"946","Calliopsis nigromaculata"
"947","Andrena lepidii"
"948","Atoposmia mirifica"
"949","Melissodes utahensis"
"950","Megachile newberryae"
"951","Megachile alata"
"952","Anthophora striata"
"953","Eucera virgata"
"954","Bombus frigidus"
"955","Neolarra linsleyi"
"956","Andrena californiensis"
"957","Neolarra vigilans"
"958","Andrena cymatilis"
"959","Megachile centuncularis"
"960","Anthophora pueblo"
"961","Hoplitis colei"
"962","Megachile inimica"
"963","Triepeolus punctoclypeus"
"964","Anthophorula nevadensis"
"965","Ashmeadiella titusi"
"966","Andrena melanochroa"
"967","Osmia latisulcata"
"968","Andrena miranda"
"969","Hoplitis palmarum"
"970","Anthophora platti"
"971","Ashmeadiella leucozona"
"972","Atoposmia enceliae"
"973","Perdita scopata"
"974","Svastra helianthelli"
"975","Osmia tarsata"
"976","Osmia sequoiae"
"977","Anthophorula eriogoni"
"978","Hoplitis evansi"
"979","Nomada pallidelutea"
"980","Osmia trevoris"
"981","Eucera tricinctella"
"982","Osmia lanei"
"983","Hoplitis bunocephala"
"984","Stelis hurdi"
"985","Melissodes druriellus"
"986","Nomada hirtiventris"
"987","Anthophorula parva"
"988","Dioxys aurifuscus"
"989","Andrena mackieae"
"990","Biastes cressoni"
"991","Perdita omani"
"992","Dianthidium implicatum"
"993","Andrena olivacea"
"994","Trachusa zebrata"
"995","Centris cockerelli"
"996","Stelis micheneri"
"997","Perdita dasylirii"
"998","Triepeolus joliae"
"999","Andrena nigrihirta"
"1000","Diadasia vallicola"
"1001","Megachile policaris"
"1002","Halictus harmonius"
"1003","Nomada sayi"
"1004","Dianthidium heterulkei"
"1005","Eucera pomona"
"1006","Atoposmia hypostomalis"
"1007","Osmia odontogaster"
"1008","Melissodes comatus"
"1009","Andrena scurra"
"1010","Anthophora petrophila"
"1011","Andrena chalybaea"
"1012","Andrena cruciferarum"
"1013","Osmia marginipennis"
"1014","Andrena pallidiscopa"
"1015","Andrena aquila"
"1016","Andrena hypoleuca"
"1017","Andrena orthocarpi"
"1018","Andrena pensilis"
"1019","Andrena pallidifovea"
"1020","Andrena fuscicauda"
"1021","Andrena knuthiana"
"1022","Andrena medionitens"
"1023","Andrena subtrita"
"1024","Andrena trizonata"
"1025","Andrena vierecki"
"1026","Andrena cyanophila"
"1027","Colletes algarobiae"
"1028","Colletes productus"
"1029","Colletes simulans"
"1030","Perdita coldeniae"
"1031","Perdita maculosa"
"1032","Hylaeus basalis"
"1033","Perdita foleyi"
"1034","Perdita fulvicauda"
"1035","Perdita indioensis"
"1036","Perdita labrata"
"1037","Perdita lucens"
"1038","Perdita salviae"
"1039","Perdita subfasciata"
"1040","Hylaeus verticalis"
"1041","Hylaeus nevadensis"
"1042","Hylaeus conspicuus"
"1043","Hylaeus personatellus"
"1044","Hylaeus episcopalis"
"1045","Hylaeus transvittatus"
"1046","Agapostemon obliquus"
"1047","Andrena latifrons"
"1048","Dufourea neocalifornica"
"1049","Hesperapis fuchsi"
"1050","Hesperapis parva"
"1051","Ashmeadiella lateralis"
"1052","Ashmeadiella timberlakei"
"1053","Osmia cobaltina"
"1054","Atoposmia copelandica"
"1055","Ceratina tejonensis"
"1056","Triepeolus mojavensis"
"1057","Ceratina hurdi"
"1058","Ceratina neomexicana"
"1059","Epeolus compactus"
"1060","Epeolus minimus"
"1061","Triepeolus antiochensis"
"1062","Triepeolus californicus"
"1063","Triepeolus concavus"
"1064","Triepeolus distinctus"
"1065","Triepeolus helianthi"
"1066","Triepeolus utahensis"
"1067","Triepeolus melanarius"
"1068","Triepeolus paenepectoralis"
"1069","Triepeolus verbesinae"
"1070","Holcopasites ruthae"
"1071","Brachynomada melanantha"
"1072","Triepeolus timberlakei"
"1073","Triepeolus ancoratus"
"1074","Triepeolus remigatus"
"1075","Triepeolus townsendi"
"1076","Nomada citrina"
"1077","Nomada elegantula"
"1078","Nomada hemphilli"
"1079","Centris californica"
"1080","Centris lanosa"
"1081","Centris pallida"
"1082","Diadasia tuberculifrons"
"1083","Habropoda dammersi"
"1084","Anthophora furcata"
"1085","Anthophora terminalis"
"1086","Anthophora abroniae"
"1087","Anthophora cockerelli"
"1088","Anthophora estebana"
"1089","Anthophora timberlakei"
"1090","Anthophora exigua"
"1091","Anthophora albata"
"1092","Anthophora maculifrons"
"1093","Anthophora mortuaria"
"1094","Anthophora peritomae"
"1095","Anthophora rhodothorax"
"1096","Anthophora abrupta"
"1097","Anthophora occidentalis"
"1098","Anthophora forbesi"
"1099","Anthophora lesquerellae"
"1100","Anthophora vannigera"
"1101","Habropoda cineraria"
"1102","Habropoda laboriosa"
"1103","Melissodes micheneri"
"1104","Xenoglossa patricia"
"1105","Neolarra penicula"
"1106","Epeolus pusillus"
"1107","Triepeolus subalpinus"
"1108","Eucera albescens"
"1109","Eucera amsinckiae"
"1110","Eucera cordleyi"
"1111","Eucera hurdi"
"1112","Eucera zonata"
"1113","Melissodes metenua"
"1114","Svastra machaerantherae"
"1115","Megachile mellitarsis"
"1116","Megachile legalis"
"1117","Megachile palmensis"
"1118","Megachile pseudonigra"
"1119","Osmia bruneri"
"1120","Osmia dolerosa"
"1121","Hesperapis rodecki"
"1122","Anthophora vallorum"
"1123","Anthophora boharti"
"1124","Epeolus axillaris"
"1125","Stelis subemarginata"
"1126","Atoposmia timberlakei"
"1127","Melissodes compositus"
"1128","Melissodes saponellus"
"1129","Melissodes rivalis"
"1130","Melissodes thelypodii"
"1131","Anthophorula albovestita"
"1132","Anthophorula deserticola"
"1133","Anthophorula sidae"
"1134","Nomada avalonica"
"1135","Nomada fragilis"
"1136","Nomada pyrrha"
"1137","Hylaeus nunenmacheri"
"1138","Lasioglossum aspilurum"
"1139","Osmia thysanisca"
"1140","Megachile angularis"
"1141","Lasioglossum abundipunctum"
"1142","Megachile zapoteca"
"1143","Andrena gordoni"
"1144","Andrena sladeni"
"1145","Andrena cryptanthae"
"1146","Andrena ferrugineipes"
"1147","Andrena illustris"
"1148","Andrena lauta"
"1149","Andrena livida"
"1150","Andrena taeniata"
"1151","Andrena cupreotincta"
"1152","Andrena forbesii"
"1153","Andrena hippotes"
"1154","Andrena rehni"
"1155","Andrena waldmerei"
"1156","Anthophora porterae"
"1157","Anthophorula cerei"
"1158","Anthophorula varleyi"
"1159","Ashmeadiella barberi"
"1160","Ashmeadiella leachi"
"1161","Ashmeadiella micheneri"
"1162","Ashmeadiella stenognatha"
"1163","Ashmeadiella meliloti"
"1164","Ashmeadiella parkinsoniae"
"1165","Ashmeadiella pronitens"
"1166","Ashmeadiella vandykiella"
"1167","Ashmeadiella holtii"
"1168","Ashmeadiella hurdiana"
"1169","Ashmeadiella rubrella"
"1170","Atoposmia anthodyta"
"1171","Agapostemon tyleri"
"1172","Agapostemon virescens"
"1173","Andrena quercina"
"1174","Andrena birtwelli"
"1175","Andrena coconina"
"1176","Andrena mesoleuca"
"1177","Andrena monogonoparia"
"1178","Andrena topazana"
"1179","Andrena washingtoni"
"1180","Andrena sphaeralceae"
"1181","Andrena bendensis"
"1182","Andrena chromotricha"
"1183","Andrena citrinihirta"
"1184","Andrena colletina"
"1185","Andrena columbiana"
"1186","Andrena scutellinitens"
"1187","Andrena surda"
"1188","Andrena anisochlora"
"1189","Andrena caliginosa"
"1190","Andrena porterae"
"1191","Andrena submaura"
"1192","Andrena cristata"
"1193","Andrena murietae"
"1194","Andrena timberlakei"
"1195","Andrena apasta"
"1196","Andrena blennospermatis"
"1197","Andrena cyanosoma"
"1198","Andrena evoluta"
"1199","Andrena foxii"
"1200","Andrena lewisorum"
"1201","Andrena macswaini"
"1202","Andrena nothocalaidis"
"1203","Andrena parachalybea"
"1204","Andrena puthua"
"1205","Andrena sperryi"
"1206","Andrena subchalybea"
"1207","Andrena algida"
"1208","Andrena astragali"
"1209","Andrena auricoma"
"1210","Andrena dissimulans"
"1211","Andrena suavis"
"1212","Andrena subdepressa"
"1213","Andrena trevoris"
"1214","Andrena lativentris"
"1215","Andrena subrubicunda"
"1216","Andrena hilaris"
"1217","Andrena lupinorum"
"1218","Andrena illinoiensis"
"1219","Andrena crudeni"
"1220","Andrena subnigripes"
"1221","Andrena torulosa"
"1222","Andrena deserticola"
"1223","Andrena flandersi"
"1224","Andrena longifovea"
"1225","Andrena prima"
"1226","Atoposmia hebitis"
"1227","Atoposmia pycnognatha"
"1228","Atoposmia triodonta"
"1229","Atoposmia daleae"
"1230","Atoposmia namatophila"
"1231","Atoposmia segregata"
"1232","Atoposmia phaceliarum"
"1233","Bombus ashtoni"
"1234","Bombus impatiens"
"1235","Calliopsis smithi"
"1236","Calliopsis xenus"
"1237","Calliopsis pectidis"
"1238","Calliopsis barbata"
"1239","Calliopsis cazieri"
"1240","Calliopsis mellipes"
"1241","Calliopsis filiorum"
"1242","Calliopsis anomoptera"
"1243","Ceratina dallatorreana"
"1244","Ceratina apacheorum"
"1245","Ceratina timberlakei"
"1246","Chelostoma tetramerum"
"1247","Chelostoma cockerelli"
"1248","Chelostoma incisulum"
"1249","Chelostoma marginatum"
"1250","Coelioxys porterae"
"1251","Coelioxys sayi"
"1252","Colletes annae"
"1253","Colletes laticinctus"
"1254","Colletes compactus"
"1255","Colletes linsleyi"
"1256","Colletes nigrifrons"
"1257","Micralictoides mojavensis"
"1258","Neolarra orbiculata"
"1259","Neolarra alba"
"1260","Nomada parva"
"1261","Osmia pagosa"
"1262","Perdita optiva"
"1263","Perdita rhodogastra"
"1264","Perdita sexfasciata"
"1265","Colletes nitescens"
"1266","Colletes wickhami"
"1267","Colletes daleae"
"1268","Colletes petalostemonis"
"1269","Colletes prosopidis"
"1270","Colletes solitarius"
"1271","Colletes phaceliae"
"1272","Colletes cercidii"
"1273","Colletes perileucus"
"1274","Colletes birkmanni"
"1275","Colletes wootoni"
"1276","Conanthalictus deserticola"
"1277","Diadasia palmarum"
"1278","Dianthidium desertorum"
"1279","Dianthidium platyurum"
"1280","Dianthidium subparvum"
"1281","Dioxys pacificus"
"1282","Triepeolus diversipes"
"1283","Triepeolus norae"
"1284","Triepeolus grandis"
"1285","Triepeolus occidentalis"
"1286","Triepeolus texanus"
"1287","Triepeolus grindeliae"
"1288","Triepeolus loomisorum"
"1289","Triepeolus sarothrinus"
"1290","Triepeolus segregatus"
"1291","Dufourea campanulae"
"1292","Dufourea desertorum"
"1293","Dufourea dilatipes"
"1294","Dufourea fallugiae"
"1295","Dufourea longiceps"
"1296","Dufourea macswaini"
"1297","Dufourea marginata"
"1298","Dufourea moldenkei"
"1299","Dufourea neovernalis"
"1300","Dufourea oenotherae"
"1301","Dufourea pulchricornis"
"1302","Dufourea snellingi"
"1303","Dufourea sparsipunctata"
"1304","Dufourea timberlakei"
"1305","Dufourea torchioi"
"1306","Protohalonia amoena"
"1307","Eucera angustifrons"
"1308","Eucera delphinii"
"1309","Eucera dorsata"
"1310","Eucera mohavensis"
"1311","Eucera quadricincta"
"1312","Eucera territella"
"1313","Exomalopsis solani"
"1314","Exomalopsis solidaginis"
"1315","Habropoda excellens"
"1316","Halictus virgatellus"
"1317","Heriades timberlakei"
"1318","Hesperapis arenicola"
"1319","Holcopasites arizonicus"
"1320","Holcopasites insoletus"
"1321","Hoplitis emarginata"
"1322","Hoplitis paiute"
"1323","Hoplitis plagiostoma"
"1324","Hoplitis elongaticeps"
"1325","Hoplitis grinnelli"
"1326","Hoplitis robusta"
"1327","Hoplitis torchioi"
"1328","Hoplitis viridimicans"
"1329","Hoplitis incanescens"
"1330","Hoplitis nigrella"
"1331","Hoplitis shoshone"
"1332","Hoplitis similis"
"1333","Hylaeus annulatus"
"1334","Hylaeus granulatus"
"1335","Hylaeus sejunctus"
"1336","Hylaeus cookii"
"1337","Hylaeus sonorensis"
"1338","Lasioglossum veganum"
"1339","Lasioglossum hudsoniellum"
"1340","Lasioglossum perparvum"
"1341","Lasioglossum ruidosense"
"1342","Lasioglossum lusorium"
"1343","Lasioglossum sequoiae"
"1344","Lasioglossum giffardi"
"1345","Lasioglossum glabriventre"
"1346","Lasioglossum inconditum"
"1347","Macrotera carinata"
"1348","Macrotera mellea"
"1349","Macrotera mortuaria"
"1350","Macrotera latior"
"1351","Stelis cockerelli"
"1352","Megachile rossi"
"1353","Megachile sabinensis"
"1354","Megachile townsendiana"
"1355","Megachile texensis"
"1356","Megachile chilopsidis"
"1357","Megachile lobatifrons"
"1358","Megachile occidentalis"
"1359","Megachile prosopidis"
"1360","Megachile mendica"
"1361","Megachile bradleyi"
"1362","Megachile impartita"
"1363","Megachile astragali"
"1364","Megachile bruneri"
"1365","Megachile casadae"
"1366","Megachile hilata"
"1367","Megachile instita"
"1368","Megachile manifesta"
"1369","Megachile mojavensis"
"1370","Megachile yumensis"
"1371","Megachile xylocopoides"
"1372","Megachile azteca"
"1373","Megachile agustini"
"1374","Megachile cochisiana"
"1375","Megachile gemula"
"1376","Melecta thoracica"
"1377","Melissodes gelidus"
"1378","Melissodes submenuacha"
"1379","Melissodes desponsus"
"1380","Melissodes bimaculatus"
"1381","Melissodes opuntiellus"
"1382","Neolarra hurdi"
"1383","Neolarra pruinosa"
"1384","Nomada frieseana"
"1385","Nomada rhodalis"
"1386","Nomada opacella"
"1387","Nomada perbella"
"1388","Nomada rhodomelas"
"1389","Nomada hesperia"
"1390","Nomada texana"
"1391","Nomada coquilletti"
"1392","Nomada ashmeadi"
"1393","Nomada illinoensis"
"1394","Nomada davidsoni"
"1395","Nomada latifrons"
"1396","Nomada obliquella"
"1397","Nomada cressonii"
"1398","Nomada depressa"
"1399","Nomada interruptella"
"1400","Nomada morrisoni"
"1401","Nomada obscurella"
"1402","Nomada lewisi"
"1403","Nomada vicinalis"
"1404","Nomada timberlakei"
"1405","Nomada mutans"
"1406","Nomada verecunda"
"1407","Oreopasites hurdi"
"1408","Osmia bella"
"1409","Osmia ednae"
"1410","Osmia unca"
"1411","Osmia mixta"
"1412","Osmia bucephala"
"1413","Osmia cahuilla"
"1414","Osmia enixa"
"1415","Osmia exigua"
"1416","Osmia grindeliae"
"1417","Osmia hemera"
"1418","Osmia inermis"
"1419","Osmia inurbana"
"1420","Osmia juxta"
"1421","Osmia lacus"
"1422","Osmia lupinicola"
"1423","Osmia paradisica"
"1424","Osmia prunorum"
"1425","Osmia pulsatillae"
"1426","Osmia raritatis"
"1427","Osmia rawlinsi"
"1428","Osmia sculleni"
"1429","Osmia tanneri"
"1430","Osmia tersula"
"1431","Osmia vandykei"
"1432","Osmia zephyros"
"1433","Panurginus atramontensis"
"1434","Perdita luculenta"
"1435","Perdita verbesinae"
"1436","Perdita binotata"
"1437","Perdita namatophila"
"1438","Perdita pyrifera"
"1439","Perdita bellula"
"1440","Perdita amoena"
"1441","Perdita mandibularis"
"1442","Perdita beatula"
"1443","Perdita butleri"
"1444","Perdita chloris"
"1445","Perdita elegans"
"1446","Perdita paroselae"
"1447","Perdita pectidis"
"1448","Perdita retusa"
"1449","Xeroheriades micheneri"
"1450","Perdita compta"
"1451","Perdita cuspidata"
"1452","Perdita eremica"
"1453","Perdita eremophila"
"1454","Perdita imberbis"
"1455","Perdita morula"
"1456","Perdita ovaliceps"
"1457","Perdita pallidipes"
"1458","Perdita panocheana"
"1459","Perdita propinqua"
"1460","Perdita prosopidis"
"1461","Perdita semicaerulea"
"1462","Perdita stathamae"
"1463","Perdita acaciae"
"1464","Perdita distans"
"1465","Perdita gentilis"
"1466","Perdita nigridia"
"1467","Perdita snellingi"
"1468","Perdita dicksoni"
"1469","Perdita pallidiventris"
"1470","Perdita polita"
"1471","Perdita larreae"
"1472","Perdita bispinata"
"1473","Perdita calochorti"
"1474","Perdita fallugiae"
"1475","Perdita macrostoma"
"1476","Perdita meconis"
"1477","Perdita tularensis"
"1478","Perdita mucronata"
"1479","Perdita quadrisignata"
"1480","Perdita vandykei"
"1481","Perdita pallida"
"1482","Protandrena heteromorpha"
"1483","Protodufourea parca"
"1484","Protodufourea wasbaueri"
"1485","Protandrena fratercula"
"1486","Protandrena pectiphilus"
"1487","Sphecodes patruelis"
"1488","Stelis anthidioides"
"1489","Stelis acutiventris"
"1490","Stelis nigriventris"
"1491","Stelis callura"
"1492","Stelis palmarum"
"1493","Stelis pavonina"
"1494","Stelis holocyanea"
"1495","Stelis robertsoni"
"1496","Stelis linsleyi"
"1497","Trachusa autumnalis"
"1498","Trachusa gummifera"
"1499","Andrena lateralis"
"1500","Agapanthinus callophilus"
"1501","Nomada argentea"
"1502","Nomada orbitalis"
"1503","Triepeolus perpictus"
"1504","Stelis subcaerulea"
"1505","Andrena angelesia"
"1506","Lasioglossum tuolumnense"
"1507","Megachile melanogaster"
"1508","Lasioglossum ruficorne"
"1509","Lasioglossum obscurior"
"1510","Lasioglossum miguelense"
"1511","Osmia nigricollis"
"1512","Lasioglossum arizonense"
"1513","Lasioglossum robustum"
"1514","Perdita frontalis"
"1515","Osmia melanocephala"
"1516","Osmia trifoliama"
"1517","Centris aethyctera"
"1518","Anthidium sonorense"
"1519","Dufourea stagei"
"1520","Perdita obtusa"
"1521","Perdita coalingensis"
"1522","Perdita pulliventris"
"1523","Oreopasites powelli"
"1524","Ceratina micheneri"
"1525","Perdita trifida"
"1526","Lasioglossum quadrinotatulum"
"1527","Nomada tintinnabulum"
"1528","Nomada erythrospila"
"1529","Nomada luteopicta"
"1530","Nomada sanctaecrucis"
"1531","Nomada melanosoma"
"1532","Osmia indeprensa"
"1533","Nomada angelarum"
"1534","Megachile dulciana"
"1535","Perdita flavifrons"
"1536","Bombus campestris"
"1537","Perdita punctifrons"
"1538","Perdita subglabra"
"1539","Megachile atrata"
"1540","Oreopasites euphorbiae"
"1541","Calliopsis snellingi"
"1542","Calliopsis timberlakei"
"1543","Andrena cheyennorum"
"1544","Andrena inclinata"
"1545","Osmia sandhouseae"
"1546","Andrena fracta"
"1547","Andrena helianthi"
"1548","Andrena laminibucca"
"1549","Andrena declinis"
"1550","Centris rhodomelas"
"1551","Sphecodes lautipennis"
"1552","Dianthidium curvatum"
"1553","Protandrena porterae"
"1554","Lasioglossum creberrimum"
"1555","Hoplitis bisulca"
"1556","Colletes rufocinctus"
"1557","Nomada debilis"
"1558","Andrena primulifrons"
"1559","Andrena tildeni"
"1560","Andrena labergei"
"1561","Andrena burkelli"
"1562","Andrena spiraeana"
"1563","Megachile latimanus"
"1564","Bombus citrinus"
"1565","Melissodes tribas"
"1566","Colletes rudis"
"1567","Andrena apacheorum"
"1568","Andrena costillensis"
"1569","Diadasia opuntiae"
"1570","Andrena milwaukeensis"
"1571","Andrena perplexa"
"1572","Megachile comata"
"1573","Andrena hallii"
"1574","Andrena mariae"
"1575","Andrena wellesleyana"
"1576","Perdita zebrata"
"1577","Megachile pusilla"
"1578","Colletes eulophi"
"1579","Trachusa occidentalis"
"1580","Coelioxys menthae"
"1581","Triepeolus callopus"
"1582","Anthidiellum notatum"
"1583","Triepeolus simplex"
"1584","Megachile soledadensis"
"1585","Calliopsis syphar"
"1586","Megachile pseudolegalis"
"1587","Triepeolus permixtus"
"1588","Bombus rotundiceps"
"1589","Bombus lapponicus"
"1590","Osmia georgica"
"1591","Andrena ablegata"
"1592","Hylaeus pictipes"
"1593","Triopasites penniger"
"1594","Plebeia emerina"
"1595","Anthophorula crenulata"
"1596","Epeolus olympiellus"
"1597","Epeolus nebulosus"
"1598","Ashmeadiella neomexicana"
"1599","Eucera atriventris"
"1600","Nomada lehighensis"
"1601","Lasioglossum avalonense"
"1602","Hesperapis elegantula"
"1603","Lasioglossum arcanum"
"1604","Lasioglossum hammondi"
"1605","Lasioglossum occidentale"
"1606","Lasioglossum pilosum"
"1607","Lasioglossum zonulum"
"1608","Megachile armaticeps"
"1609","Perdita albomaculata"
"1610","Anthidium pallidiclypeum"
"1611","Hesperapis oliviae"
"1612","Perdita yanegai"
"1613","Calliopsis persimilis"
"1614","Andrena accepta"
"1615","Osmia cordata"
"1616","Lasioglossum cordleyi"
"1617","Megachile robertiana"
"1618","Perdita desdemona"
"1619","Augochlora pura"
"1620","Svastra duplocincta"
"1621","Atoposmia abjecta"
"1622","Andrena nanula"
"1623","Perdita rhondae"
"1624","Megachile abluta"
"1625","Melissodes cerussatus"
"1626","Bombus franklini"
"1627","Perdita marcialis"
"1628","Perdita lycii"
"1629","Serapista serrata"
"1630","Anthophora rara"
"1631","Lasioglossum cabrilli"
"1632","Colletes abeillei"
"1633","Megachile exilis"
"1634","Colletes obscurus"
"1635","Ashmeadiella lutzi"
"1636","Perdita quadraticeps"
"1637","Perdita blaisdelli"
"1638","Perdita bebbiae"
"1639","Nomia foxii"
"1640","Andrena siccata"
"1641","Anthidium rodecki"
"1642","Dufourea convergens"
"1643","Calliopsis solitaria"
"1644","Andrena grindeliae"
"1645","Andrena penutiani"
"1646","Diadasia tropicalis"
"1647","Colletes scopiventer"
"1648","Perdita sexnotata"
"1649","Perdita vesca"
"1650","Xylocopa virginica"
"1651","Bombus terricola"
"1652","Plebeia frontalis"
"1653","Bombus fraternus"
"1654","Triepeolus rhododontus"
"1655","Anthophorula scapalis"
"1656","Exomalopsis dimidiata"
"1657","Melissodes subillatus"
"1658","Melissodes elegans"
"1659","Melissodes limbus"
"1660","Nomada vexator"
"1661","Paranomada californica"
"1662","Rhopalolemma robertsi"
"1663","Melissodes rufipes"
"1664","Anthophorula morula"
"1665","Martinapis luteicornis"
"1666","Nomada opposita"
"1667","Svastra sila"
"1668","Lasioglossum morrilli"
"1669","Lasioglossum bardum"
"1670","Lasioglossum admirandum"
"1671","Lasioglossum dasiphorae"
"1672","Lasioglossum pseudopectorale"
"1673","Dufourea truncata"
"1674","Perdita bicuspidariae"
"1675","Perdita confusa"
"1676","Andrena canadensis"
"1677","Andrena berberidis"
"1678","Andrena tridens"
"1679","Andrena lawrencei"
"1680","Panurginus gabrielis"
"1681","Andrena nigrae"
"1682","Andrena rubrotincta"
"1683","Andrena calvata"
"1684","Andrena platyparia"
"1685","Andrena fragilis"
"1686","Perdita luteiceps"
"1687","Andrena mentzeliae"
"1688","Perdita argemones"
"1689","Andrena mandibularis"
"1690","Andrena gardineri"
"1691","Andrena placata"
"1692","Perdita halictoides"
"1693","Andrena pectilis"
"1694","Andrena latinensis"
"1695","Andrena fenningeri"
"1696","Andrena persimulata"
"1697","Calliopsis rozeni"
"1698","Perdita octomaculata"
"1699","Colletes nudus"
"1700","Megachile addenda"
"1701","Megachile petulans"
"1702","Megachile campanulae"
"1703","Megachile integra"
"1704","Panurginus maritimus"
"1705","Perdita algodones"
"1706","Perdita ambigua"
"1707","Perdita baccharidis"
"1708","Perdita brevihirta"
"1709","Perdita calloleuca"
"1710","Perdita craterognatha"
"1711","Perdita distincta"
"1712","Perdita emarginata"
"1713","Perdita erythropyga"
"1714","Perdita hurdi"
"1715","Perdita impunctifrons"
"1716","Perdita linsleyi"
"1717","Perdita lompocensis"
"1718","Perdita mimula"
"1719","Perdita moldenkei"
"1720","Perdita perlucens"
"1721","Perdita physalidis"
"1722","Perdita punctifera"
"1723","Perdita repens"
"1724","Perdita semilutea"
"1725","Perdita similis"
"1726","Perdita suavis"
"1727","Perdita sulphuripes"
"1728","Perdita xanthodes"
"1729","Calliopsis squamifera"
"1730","Perdita nigrocaerulea"
"1731","Perdita adustiventris"
"1732","Ceratina strenua"
"1733","Exomalopsis hurdi"
"1734","Oreopasites arizonica"
"1735","Nomada arizonica"
"1736","Melissodes paroselae"
"1737","Xylocopa appendiculata"
"1738","Nomada accepta"
"1739","Nomada atrofrontata"
"1740","Nomada orcusella"
"1741","Nomada rubrica"
"1742","Nomada ultimella"
"1743","Bombus brachycephalus"
"1744","Bombus diligens"
"1745","Hylaeus aztecus"
"1746","Halictus parallelus"
"1747","Lasioglossum daggetti"
"1748","Lasioglossum testaceum"
"1749","Lasioglossum macoupinense"
"1750","Lasioglossum foxii"
"1751","Lasioglossum nigrum"
"1752","Lasioglossum quebecense"
"1753","Stelis louisae"
"1754","Hoplitis brachyodonta"
"1755","Osmia mertensiae"
"1756","Megachile inyoensis"
"1757","Megachile seducta"
"1758","Megachile stoddardensis"
"1759","Megachile umatillensis"
"1760","Lasioglossum diatretum"
"1761","Lasioglossum granosum"
"1762","Lasioglossum albipenne"
"1763","Bombus jonellus"
"1764","Megachile texana"
"1765","Megachile apicalis"
"1766","Sphecodes iridipennis"
"1767","Bombus sitkensis"
"1768","Bombus flavifrons"
"1769","Bombus rufocinctus"
"1770","Nomada scita"
"1771","Osmia conjuncta"
"1772","Sphecodes minor"
"1773","Andrena nigra"
"1774","Andrena nigripes"
"1775","Osmia proxima"
"1776","Osmia pumila"
"1777","Bombus norvegicus"
"1778","Bombus perplexus"
"1779","Bombus variabilis"
"1780","Megachile inermis"
"1781","Andrena scutellaris"
"1782","Epeolus bifasciatus"
